{"cameraMode":{"drawMode":0,"name":"Shaded","section":"Shading Mode"},"sceneLighting":true,"audioPlay":false,"sceneViewState":{"showFog":true,"showMaterialUpdate":false,"showSkybox":true,"showFlares":true,"showImageEffects":true,"showParticleSystems":true},"in2DMode":false,"pivot":{"x":-0.2979241609573364,"y":1.1840577125549317,"z":0.6559694409370422},"rotation":{"x":-0.044341444969177249,"y":0.6948758363723755,"z":-0.043004557490348819,"w":-0.7164726257324219},"size":0.21710161864757539,"orthographic":false}